{
  "id": "7413bad4-3e6b-4196-bf44-3de7d377bbc2",
  "name": "objectname",
  "isOverridable": true,
  "entries": [
    {
      "value": "Cereal",
      "synonyms": [
        "Cereal",
        "rice",
        "wheat",
        "चावल",
        "गेहूँ"
      ]
    },
    {
      "value": "Hair Oil",
      "synonyms": [
        "Hair Oil",
        "केश तेल",
        "बालों के तेल"
      ]
    },
    {
      "value": "Shampoo",
      "synonyms": [
        "Shampoo",
        "शैम्पू"
      ]
    },
    {
      "value": "Furniture",
      "synonyms": [
        "Furniture",
        "फर्नीचर"
      ]
    },
    {
      "value": "गेहूं",
      "synonyms": [
        "गेहूं"
      ]
    }
  ],
  "isEnum": false,
  "automatedExpansion": false
}